{
  "version": "ae-20260427-064450",
  "trained_at": "2026-04-27T06:44:50.990243+00:00",
  "samples": 42497,
  "feature_names": [
    "length",
    "entropy",
    "token_count",
    "special_ratio",
    "digit_ratio",
    "uppercase_ratio",
    "method_is_post"
  ],
  "bottleneck": 4,
  "threshold": 0.019551552832126617,
  "threshold_percentile": 99.0,
  "recon_error_p50": 9.23631014302373e-05,
  "recon_error_p95": 0.001544194296002388,
  "recon_error_p99": 0.019551552832126617,
  "epochs_run": 23,
  "augmented_with_mongo": true
}